frame,time_sec,knee_angle_r,knee_angle_l,hip_angle_r,hip_angle_l,ankle_angle_r,ankle_angle_l,body_lean,stride_width,step_count
173,3.46,152.16157393543673,173.95516409489278,157.2757582573723,157.60175529156305,125.44027136631351,114.6909405332955,10.891950135497929,0.010084956884384155,0
174,3.48,161.96414230129335,165.1569279133373,168.16749391991368,160.12485218732024,135.9521417710528,162.14466996363103,4.570989186472243,0.0002677440643310547,0
175,3.5,149.02889760874228,166.36284713138747,158.81444604656528,166.51471480792355,179.51152821311018,159.9131038917359,0.9271125051426349,0.00500217080116272,0
176,3.52,160.2651396576847,164.01369649493697,173.1193565993253,168.37134536647565,178.48001212340404,146.82308610223882,1.6478357461845141,0.007445603609085083,0
177,3.54,162.72070775244856,174.64219645929705,176.70150037751736,171.36371341079442,177.63163906652554,161.94966858307487,1.6197081166693814,0.010102778673171997,0
178,3.56,164.5965808088565,177.7674200319656,179.9580967519212,174.10885427422696,177.43345008820793,172.00015905931397,2.360631263685681,0.011881202459335327,0
179,3.58,166.71566687433906,179.63513528492348,178.78779040898007,173.00857599292456,178.224594027052,170.92306335744166,2.85644695967644,0.010709941387176514,0
180,3.6,164.9069258681594,179.01689369602326,178.60388284308596,173.13191171180836,177.1733887288238,173.0392470590819,3.369516979478158,0.010190844535827637,0
181,3.62,166.53665472289833,178.98195604713118,176.42976425749143,173.4750175752359,176.93005126439544,169.3709531230964,3.7453263762381215,0.009910553693771362,0
182,3.64,166.6778418900074,179.9954206602019,176.40661124695723,173.21485515005955,177.46065720108712,170.5428432062043,3.6091693578186246,0.010964572429656982,0
183,3.66,168.3191360940458,177.6337449078596,175.81892101271907,173.57712117605146,173.4494011890505,179.24547782620473,3.5848082257742178,0.01171162724494934,0
184,3.68,169.1348909594211,177.99391051462104,175.51537229572983,173.41273012317464,171.64682382635252,179.35446255339585,3.4967862942321957,0.011423587799072266,1
185,3.7,170.73183221109767,178.2142667855891,174.82545456286883,173.36511882026775,169.7487385625747,178.03939793032248,3.4556728652307545,0.011285960674285889,1
186,3.72,173.8847912473178,177.84839316845495,174.22988892673908,173.4061092433607,165.07384271680198,175.75794936730054,3.338655643134277,0.010782718658447266,1
187,3.74,175.47819211114412,178.3886246393727,173.79111748748412,173.32371998467178,166.35815105126665,175.85694790424282,3.3164236044918196,0.01038271188735962,1
188,3.76,176.91737896728398,178.7409813704487,173.32354681313532,173.24589257139877,168.7327196123566,176.64736014770344,3.3836252595169554,0.010193884372711182,1
189,3.78,178.98207877227975,178.45551058157807,172.60794413306942,173.216224559756,164.59289065057087,175.07001653100806,3.4554410911526943,0.009938269853591919,1
190,3.8,179.39400744522683,177.6601420048831,172.17030066736478,173.12216248533758,164.6312919015456,172.29669771895055,3.5099415591457217,0.010636091232299805,1
191,3.82,179.72791313417832,178.58880618269947,171.71275018135574,172.476007410077,166.67779447351217,170.19260004677497,3.639702037770915,0.010985106229782104,1
192,3.84,179.17406584159704,179.61927144963647,171.48662188413712,171.38737682110042,168.7958940926649,169.94710950520138,3.8002370157674346,0.011497259140014648,1
193,3.86,179.3283376295621,176.79659133130343,171.22610981255875,169.67179039441575,173.2688087034014,173.60843851861256,3.9307645006353034,0.01217031478881836,2
194,3.88,179.5768270436924,176.25246150020988,170.87396618799025,169.5224530439663,174.673438030887,174.3280436449649,4.068123808535541,0.012399792671203613,2
195,3.9,179.9138589502961,178.043124363822,170.74430183669682,169.99943561103387,174.35551342276767,172.39790454355082,4.157356882560256,0.012781023979187012,2
196,3.92,179.77977685761007,179.0405510730589,171.05522042405403,170.38821743119868,171.54782623492153,172.44297216969267,4.226978620730051,0.012732446193695068,2
197,3.94,178.88279902343035,179.65278978081778,170.8580251747816,170.40209839143265,168.46287846025527,175.0775824027521,4.324615568170269,0.012842059135437012,3
198,3.96,179.17090618534723,177.759712159847,170.83027228773767,170.54406077426,168.79578863634612,179.4335320286533,4.6465500631373615,0.012964785099029541,3
199,3.98,179.62433551011506,176.6265396129606,171.25095731165393,170.90441729979426,171.83139845099785,177.0780419488067,4.89337751693761,0.012757152318954468,3
200,4.0,179.42883178095227,177.66944484111303,171.11525564271963,171.50545847991825,170.15806899308345,177.4441842654044,5.208666969679256,0.012823909521102905,3
201,4.02,179.22915034945768,176.67688257662695,170.36885598761933,171.38911172316008,170.14330138458294,175.018095836099,5.66917241946952,0.012802064418792725,3
202,4.04,178.86781324332284,177.51785069572588,169.9211027453752,171.3015684998733,170.17834287438032,175.33591079477284,5.918569428307084,0.01298457384109497,3
203,4.06,178.3982966732845,179.39233172490765,169.36098846165822,171.64720649231208,169.38933034215862,179.7672687086952,6.214998047107768,0.013450801372528076,3
204,4.08,178.083719430894,178.51625834718078,168.83150076586102,172.3028111015848,168.76196378668607,179.00603888947907,6.609573071476584,0.013572722673416138,3
205,4.1,177.86825269926845,177.69585431385605,168.5452910589795,172.38491001780721,167.957456392406,177.45593366011627,6.712220598941961,0.013627409934997559,3
206,4.12,177.73547762200513,177.71628449743702,168.59427170114986,172.47375355880476,167.04908102762698,176.89771750939067,6.693349285428813,0.013651371002197266,3
207,4.14,177.7139616460572,168.2915662137954,168.3273020158209,173.50316494333396,166.55699178007148,158.5896482169731,6.998980461859376,0.015560150146484375,3
208,4.16,177.7587470878382,170.15285745661205,168.43353440467226,173.68771268021376,166.4448170248459,163.74873537275556,7.041132051044053,0.015292495489120483,4
209,4.18,178.06444950468614,172.99385182478198,168.55940306203226,174.3936259150572,166.46280588667767,169.0696285521342,7.382549986656947,0.01512610912322998,4
210,4.2,178.68626026494346,174.7437911621414,168.90637298913595,174.72557263840335,168.27464758484558,171.56495878609184,7.54445681188793,0.015085071325302124,4
211,4.22,179.78728513201963,177.40443572689168,169.3565234323409,174.43554311866325,169.66707062602165,174.8444751787394,7.585449889081028,0.015223771333694458,4
212,4.24,179.12141440804186,179.18824915733438,169.9212709490676,174.03975134898852,171.6686141818722,177.43490511991664,7.51816777249778,0.015201479196548462,4
213,4.26,178.4538491457431,173.15384156156279,170.36299705354216,173.9874980175157,172.27603223840242,168.03151311253006,7.4503222801805835,0.016613036394119263,4
214,4.28,178.3734657871619,174.167837814449,170.38862279665636,173.8361380138085,173.1936839202763,172.99182496519848,7.416072321262719,0.01648542284965515,5
215,4.3,177.6751135333931,173.93115852402542,170.75944355325768,173.75792114555026,175.38535425520993,175.17248395218766,7.412786477092681,0.016586989164352417,5
216,4.32,177.17681727481266,172.6568570673386,171.11728531337454,173.6793704192152,175.78760223573818,174.19203223639457,7.367917444791664,0.016861766576766968,5
217,4.34,177.3720936690309,171.73091707211313,171.2510465458651,173.62125237129996,175.58153038794194,172.8298061890433,7.226957233205362,0.017054647207260132,5
218,4.36,177.44925201199368,170.8111964217668,171.59723554381242,173.5020225694132,175.41654890913068,170.82173004776052,6.993800618702413,0.017250657081604004,5
219,4.38,177.6448321449749,169.93885521096098,171.83492944482177,173.3898576282701,171.83343397442954,168.86170412604795,6.738774720286191,0.017445385456085205,5
220,4.4,177.99584698529182,169.64250659936016,171.91977003603517,173.18419474531893,169.35481862792702,168.4136645476832,6.5371879980703085,0.01757359504699707,5
221,4.42,178.63547829876111,169.0673177404985,171.7312289642687,173.51412762537993,167.5175320934833,168.51186605314692,6.515456707540802,0.01764574646949768,5
222,4.44,179.23593240666216,167.38616764095448,171.41817251674172,174.4466396912032,166.82560141193417,168.65480915978605,6.531679525801301,0.017560482025146484,5
223,4.46,179.70268804236852,164.2383671084192,171.07357371625082,175.44039502174977,166.58650365529022,166.42424429777063,6.428576126470491,0.017677783966064453,5
224,4.48,179.7877630058771,162.30922284346866,170.9079478827014,176.23154981876252,166.4390379528924,165.26201695387277,6.268006859252225,0.017721742391586304,5
225,4.5,179.31844998474105,159.87823521741413,170.8116534383431,177.49329845963342,165.90643273335073,164.19566443762383,6.158542076716908,0.017698019742965698,5
226,4.52,179.09193010569243,158.5622361188333,170.71112331208676,178.46214516697964,165.51988851535194,164.30520395300746,6.109693684515814,0.017548412084579468,5
227,4.54,178.63254173993013,157.59910454864695,170.55167347017647,179.65247113531416,165.13933927925072,166.06942999254363,5.87205269290306,0.017022311687469482,5
228,4.56,178.31582339061453,154.47593036785617,170.68213915760606,179.06900198348023,164.44750762268185,165.0101339949738,5.6791488853786865,0.01669129729270935,5
229,4.58,177.84316836276017,154.53476571182242,170.56786609062925,178.8293184695963,164.63226476837636,166.41517808785827,5.5048722808149035,0.01626574993133545,5
230,4.6,177.20677797567274,156.56867627717202,170.03387793626325,178.4196534403701,164.99858069976588,170.50392692908028,5.514437670426636,0.015482962131500244,5
231,4.62,176.35537316993145,155.1647583945441,169.74041376387544,177.75908301135755,165.5166008324999,169.47284660635444,5.35180573414848,0.015432626008987427,5
232,4.64,175.3095507954203,155.22290588183876,169.3727209465716,177.82710322732572,165.61745329693224,168.32311425145198,5.1769201637447795,0.015359073877334595,5
233,4.66,174.78185271333416,156.67516527501854,169.23504608277906,178.44796520207242,165.54903286587344,168.73875660963856,4.941485515109203,0.01484563946723938,5
234,4.68,174.5917127102197,157.92803711501526,169.0160621628509,178.71973159934555,165.4086629793142,169.97461528398478,4.73664854334012,0.014295697212219238,6
235,4.7,174.37550634175832,158.37303446155116,168.99410326000273,178.84571248774924,165.78913634522988,172.26285290434745,4.517019994042597,0.013758957386016846,6
236,4.72,173.62552566198005,158.9531969242372,168.9197970975806,178.70716071280629,164.82234547324515,172.38941654531445,4.369247969319373,0.013268083333969116,6
237,4.74,173.21680716120548,158.45700714043795,168.87639169545818,178.69772585223623,164.59171841219646,172.02935297639468,4.157924424793354,0.01315760612487793,6
238,4.76,173.34173987971343,158.40236781728234,168.78323021707794,178.33449965636916,163.51038576720507,171.20532027555205,3.924239558174717,0.01271095871925354,6
239,4.78,173.3951861702455,159.86940514760897,168.70020154068402,178.51894640560937,162.72586628692784,170.6590067945299,3.729024910065171,0.012048691511154175,6
240,4.8,174.2415141250347,159.78241197390855,168.7847070635271,177.89269557707024,161.52030068706136,167.95552602607663,3.6480256460992173,0.011527389287948608,6
241,4.82,174.95018466600027,159.45663875033057,168.53961508104075,177.14259794667169,161.5987187015716,167.96766792901258,3.6208915849182324,0.01116710901260376,6
242,4.84,175.895556941601,160.02359548224206,168.4992131720861,176.81795761227173,160.9909779184817,168.9998745524224,3.524275768989867,0.010771036148071289,6
243,4.86,176.43874497845442,160.0372920331693,168.6635128784536,176.60915022752917,160.22937154846767,168.11190292168257,3.399917628631647,0.010678261518478394,6
244,4.88,177.1488270652175,160.99637856571212,168.5893295469115,176.73690749781224,160.65110915596512,169.75240675721034,3.2874436517441956,0.010267466306686401,6
245,4.9,178.5051331651048,162.35790930662253,168.65420117646187,177.1032691782965,164.02492056164473,171.8315936491395,3.09013497634881,0.010263383388519287,6
246,4.92,177.77900902370843,163.42030437627707,168.29812178539757,177.42107669273193,161.2360044576356,173.0156761675896,2.9025752276013,0.009831219911575317,6
247,4.94,177.46567656374887,164.4460381122428,168.1262127266559,177.68000601498818,159.98859274540592,173.61602614693354,2.673538498559854,0.009489715099334717,6
248,4.96,176.90037844121963,164.16563593468197,168.00122988651117,177.693319982585,159.88164737173804,172.00104531419188,2.398323594310314,0.009462952613830566,6
249,4.98,175.51251348433473,164.11555306762568,167.80910686168315,177.93764487912517,159.9671055267177,171.75532876724023,2.081100118561873,0.009481728076934814,6
250,5.0,174.4724624451476,163.72323075727596,167.67713187259025,178.05066201095872,160.04125974596965,170.80479345287995,1.8132878037884952,0.00951436161994934,6
251,5.02,174.05696731254037,163.55847104943123,167.49806868723178,178.08695698582338,161.29058293087937,174.6307271075298,1.33552083703627,0.00921681523323059,6
252,5.04,174.2826913439842,163.6088797929714,167.44521995861746,178.09113225551027,163.46326159403887,174.83555649393608,0.9256216208389455,0.009296327829360962,6
253,5.06,175.0420126610175,164.06363990581576,167.33092276378565,178.00288319171182,165.10295602435176,174.46334121784724,0.7551688235621253,0.009415417909622192,6
254,5.08,177.16046889907338,165.20139504879617,167.58742379134085,178.30400187293165,168.32076034360284,175.4795344216795,0.5415229670706664,0.009875595569610596,6
255,5.1,177.6538377164071,165.4628826063102,168.09168319605325,178.51747205678348,168.41598964018874,176.0672670054343,0.25151698415620344,0.009563595056533813,6
256,5.12,178.22269632729746,166.08588051147305,168.4281636770133,178.52482104133637,169.05117598191623,177.5859175899895,0.13241893248638772,0.009580731391906738,7
257,5.14,179.7524426507054,166.3524419115695,168.89134836065455,178.65317537152123,172.14437007951753,177.9867789022767,0.03405548520188443,0.010148733854293823,7
258,5.16,177.6528811856255,166.29192305097394,169.29524367116792,178.73157729821327,175.9586642268384,178.34872454497366,0.05320075015238442,0.010997533798217773,7
259,5.18,176.00519739435651,166.82646765598346,170.08028248004803,178.83289122797663,175.2171827705884,179.04058806906357,0.2981076549531076,0.011202007532119751,7
260,5.2,174.85893186224882,167.13993437025297,170.9985294908132,179.16967763698423,174.86729189963484,178.352839593622,0.6414453123668289,0.011419951915740967,7
261,5.22,174.26176865472468,168.06682945566544,171.65642679062387,179.9563236437526,175.09565240269407,176.54082669120245,0.9648476014639222,0.011618643999099731,7
262,5.24,174.24636496937995,169.4225990195582,171.45313966439295,179.12807945039359,177.1052429929918,174.03668039792774,1.033459725904635,0.01184767484664917,7
263,5.26,173.11922011191734,170.62291559417724,171.6925920638787,178.245768655221,179.8138140600844,171.72828176017498,1.226405153534036,0.012272864580154419,7
264,5.28,171.82847388761442,172.0028039372238,171.68865115417654,177.20100719967644,177.04140383714912,170.5673851253853,1.4443403057612614,0.012878000736236572,8
265,5.3,169.77170313662663,173.04373503458245,171.69434863956783,176.54837619784533,172.84980142618465,170.35879154319792,1.6105012277700854,0.013517975807189941,8
266,5.32,168.7611629963789,174.06956407341858,171.41190302105258,175.83700516194415,170.53551275005654,171.21209190473513,1.7413747664846717,0.014177799224853516,8
267,5.34,168.4175349030542,174.33451184431695,170.9301667468295,175.27476516378343,168.31367470393062,173.0748245605081,1.9222776247319582,0.01510283350944519,8
268,5.36,167.39791224599492,174.1733710111233,170.94654469400243,174.8638723933406,165.81751211165462,174.68212960970544,2.182069290233368,0.015799134969711304,8
269,5.38,167.42808818682903,175.12460189428438,171.10887276162535,174.07100261709752,165.89156839962706,174.03349703928106,2.395821388028593,0.01579567790031433,8
270,5.4,167.1139045359915,176.4388086169333,171.17395531399632,173.24688604890628,165.05200795286032,172.79450140626133,2.5236220045058313,0.01591619849205017,8
271,5.42,166.65132122772008,176.84961675013403,171.2645404807005,172.81051811902196,163.21663833992508,171.1677502966041,2.748618278318089,0.01618841290473938,8
272,5.44,164.52854963782846,178.05429340410163,171.41919990530616,172.12706593253426,160.16197015284152,169.10867673611216,2.826133839649215,0.016552865505218506,8
273,5.46,164.17998158396466,178.86399508756688,171.83986222205306,171.6474157930137,160.2593760627549,168.92654303635996,2.9972874425487825,0.016674935817718506,8
274,5.48,163.7809377308338,179.22317358466447,172.67616076476685,171.23289072948134,159.2862856751259,167.8186727235925,3.35989239641859,0.017012953758239746,8
275,5.5,161.06460106634017,179.92792939110436,173.39780876023198,170.55357533854848,156.52732423261762,165.6195508197813,3.6398853079150792,0.017333269119262695,8
276,5.52,155.39490520673183,179.51439751513377,173.8919300787846,170.12675103929845,151.766065484265,165.26352149603454,3.8184744204011234,0.017819195985794067,8
277,5.54,147.0494041627335,178.84339057915108,173.8839482898017,169.65571545407815,142.95232864004393,165.14128686103308,3.8938818955100767,0.018835246562957764,8
278,5.56,143.33724739722877,178.07776256302134,174.0190488275664,169.2736667214604,137.7546676217016,165.25565492214372,3.921744850632899,0.019546210765838623,8
279,5.58,140.8140269064855,177.09287308545112,174.193575778213,169.01674451508413,135.8829102112934,164.67755484127076,3.9810848776700976,0.019946634769439697,8
280,5.6,143.12942162913515,177.06911368947834,173.62394165002334,169.05689007567224,138.72479420857488,165.0154787144496,4.093166954104792,0.020112991333007812,8
281,5.62,135.2651637086736,176.22638528344683,173.501554411478,168.54040104977926,133.5176669181881,167.52976351634382,4.342719539667337,0.020815491676330566,8
282,5.64,135.99627908519184,175.70800802337428,173.44834033428108,168.28234767718158,134.8768245049709,169.28466142198576,4.524006187317191,0.020934253931045532,8
283,5.66,137.64646322378925,175.2472659251645,173.45338881560576,168.12910404325876,137.297692661931,170.0689192341279,4.735916996455168,0.02088192105293274,8
284,5.68,142.6030778913292,174.45700144072134,173.15685086885816,167.8310786793548,141.06455504348907,168.80192902590602,4.947020021153917,0.020895272493362427,8
285,5.7,147.25411353369591,174.02079430953194,173.17764465601135,167.46608995981813,145.814635747347,168.18828329729914,5.262475626982898,0.020872503519058228,8
286,5.72,154.34979967706158,173.38094696267459,172.5598575966087,166.94522799053522,153.80517017885072,168.2247324552269,5.555059184228999,0.0211276113986969,8
287,5.74,160.53085329677577,171.69261425531326,171.5079566491306,166.04367193243405,160.4261074987469,170.1072726558101,5.750695354691647,0.02146989107131958,8
288,5.76,163.35076486429722,170.60035515813254,171.34532607712492,165.54328385255883,163.43274202418905,170.2158409426158,5.776260376631775,0.02175930142402649,8
289,5.78,164.65571820470453,169.73480510963682,171.53838191875548,165.40111164220082,165.29125111609304,169.96446129756796,5.693313203003634,0.021947473287582397,8
290,5.8,165.47835510128365,169.6581816430435,171.73380958513425,165.49646003903933,166.1166560647112,170.3763672806358,5.638681582759517,0.02228519320487976,8
291,5.82,165.22131737357643,167.68109653054736,171.87025937056413,164.5629934328683,167.1512635604466,167.78368643086222,5.609572823688851,0.02293705940246582,8
292,5.84,166.80955063695387,167.5010490373235,171.74398377090975,164.22768257415962,170.85567752744623,169.27797728128175,5.63516903102081,0.023331016302108765,8
293,5.86,168.1519083607549,167.63903915940372,171.68234804982785,164.06013510072913,173.28222652982316,169.49796009690778,5.735997390386371,0.023502647876739502,8
294,5.88,168.5836278778185,168.7774715564834,171.7875364963565,163.94504299570795,173.1995262145962,170.54136650200692,5.762229922534785,0.023960918188095093,8
295,5.9,167.31807902999182,169.5983673197925,172.82641869155222,163.52632592596186,173.3259820573236,171.1484479649446,5.983369742840835,0.024363458156585693,8
296,5.92,167.29498583831636,170.7448650759872,173.59542962618886,163.47979082529352,174.20769535772013,172.2638324914531,6.1752028435940485,0.02466467022895813,8
297,5.94,167.74820972045228,171.5945483685726,173.93015964734624,163.73087536799414,175.0199304386535,172.69831546252723,6.111828057043196,0.02475002408027649,8
298,5.96,167.2693890840459,172.90488495890972,174.138191755825,164.4080603914854,174.8954576930907,173.70720189233032,5.997694743695794,0.024728238582611084,8
299,5.98,165.41857714838318,173.66222501133424,174.84990992054327,164.68566870220806,173.82407407672068,174.49197395552213,5.897132504346764,0.02474161982536316,8
300,6.0,165.6421036818882,174.2202030085371,175.222435757447,165.2754426055303,174.50642393921862,179.28928950449708,5.763748310043446,0.024671852588653564,8
301,6.02,165.30800420868113,175.05565935429047,175.77085069160535,165.7748574789203,174.22353561636686,176.42490677632674,5.554771360391691,0.02488088607788086,8
302,6.04,165.71434572589817,175.42792486269613,175.96232670522463,166.2743467188295,175.40030533103942,175.1053505195634,5.376555853258996,0.02461513876914978,8
303,6.06,166.5610327452137,176.49310390299019,176.36783858735788,166.95282763999725,178.35211406519133,172.5609641329023,5.155488731153048,0.024158835411071777,8
304,6.08,164.42277876182743,177.983067292458,177.7799161821536,167.98440928930268,179.40463770816447,168.9544582718422,4.63871708266639,0.023811936378479004,8
305,6.1,163.18516348926858,179.07344332441062,178.13119193844156,168.73868064004435,179.08675393948064,168.26832589256585,4.182110204358455,0.02363032102584839,8
306,6.12,162.8638126972947,179.86049183317607,178.45580468654694,169.62329401425126,179.9034327132558,167.1575341853303,3.6608220912753255,0.023075580596923828,8
307,6.14,163.70224455876692,178.98477162095386,177.39214504849727,170.2464606444792,179.59661058759315,165.01377321902103,3.056505944831236,0.02300897240638733,8
308,6.16,164.07851936928134,178.33512340188352,176.69508874048617,170.92122304236716,177.87668160414336,165.22815149314113,2.582836821790459,0.02268904447555542,8
309,6.18,164.37605582057077,177.5714616620464,176.575252191501,171.78119057161948,178.39329355124275,163.68083052453392,1.9744904149547484,0.02229076623916626,8
310,6.2,163.7317308699595,177.15407421664116,175.8860670551647,173.15089322330263,173.1232319483361,164.54360719883306,1.09451382413544,0.022248834371566772,8
311,6.22,163.80529722312394,177.18138114037737,175.23273052947636,173.80380363893957,169.0436811469454,164.89310795773233,0.5442612732365243,0.022173911333084106,8
312,6.24,164.37554513799915,177.7158887385278,174.69707586478526,174.01812961651018,169.26238085894636,166.02110120235858,0.1879813736144709,0.02178594470024109,8
313,6.26,165.15443212091103,178.24126861694234,173.76512946688015,174.16194608874028,167.34198790194554,166.93022926460893,0.28149645877228185,0.021197617053985596,8
314,6.28,166.02332714774622,179.69910826152005,173.33938624858504,174.40740172004425,167.87130121537106,171.5691430819016,0.6462974650677075,0.01948186755180359,8
315,6.3,166.6455704426304,179.5495119928497,173.55321046631045,174.66056772721637,169.36992188407095,172.66506757540566,0.8383834763133927,0.018384426832199097,8
316,6.32,168.50990272635218,179.64444741593422,173.05301490199665,174.77921407345104,171.56138651127824,174.6457817045292,0.9738206149872904,0.01700061559677124,8
317,6.34,169.53579458195642,179.92675991939913,172.60983469604744,174.775115658807,172.7185568715278,177.6018549011526,1.1502337595958856,0.015943527221679688,8
318,6.36,169.78702851330218,179.88508091221445,172.67143885361023,174.9948135039938,175.57998458189707,178.50775122225045,1.2789497887119439,0.015228360891342163,8
319,6.38,169.45739678214483,179.78145532850561,172.78439130328735,175.2716997907631,175.05884939603715,179.84387240892377,1.4793008963312062,0.014949619770050049,8
320,6.4,169.9095699357751,178.66533511979353,172.71256709352474,175.07448144243057,173.84742022302834,177.12640794911024,1.6511374148792932,0.014326989650726318,8
321,6.42,169.70940962642032,176.83263039631856,172.86049360502193,174.11186729666184,173.28303156603494,173.9552224006171,1.8099754273873307,0.014122694730758667,8
322,6.44,169.2540996957947,176.08366110711188,173.04786543410725,173.76137863044596,173.85026473504894,173.67923747099582,1.9307347523348752,0.014127224683761597,8
323,6.46,169.37737130786863,175.6915254892992,173.18509159637162,173.6444499772808,174.80690462125028,173.43939642543765,1.9718233742715918,0.013889014720916748,8
324,6.48,169.7993251461632,175.24759880884866,172.9911731638504,173.6300280311686,175.86290468748481,173.153712125838,2.127890829911022,0.013628482818603516,8
325,6.5,170.57523306157762,175.27430421933107,172.81355087315268,173.8162358076791,178.28609250189498,173.0318258742556,2.2580389052948067,0.013106316328048706,8
326,6.52,170.97704665093804,174.94236126300137,173.04125855350532,173.716882304636,179.80650450966525,172.80675614258553,2.2412634283085904,0.012699782848358154,8
327,6.54,171.71036040406887,174.51426314454193,173.0423386456726,173.65765392239132,178.05659155112238,172.41617822756234,2.2074265967963655,0.011995792388916016,8
328,6.56,171.942912900486,173.95543607711562,173.45333325548896,173.69242212594608,176.2777110144986,172.4728995800565,2.191160234565487,0.01124197244644165,8
329,6.58,171.838657454146,172.7233881958932,173.8070788376439,173.67546840935702,175.4451997622433,168.93930808107694,2.1894407555527913,0.010045021772384644,8
330,6.6,172.01297492231336,171.83798592432257,173.80969858919806,173.69230888310562,175.47947857459167,166.46735468418865,2.282066496804456,0.00954526662826538,9
331,6.62,173.4762504033337,171.02662997582152,173.38517572085487,173.88373127665616,172.40578272251182,164.88851067233435,2.4207351515621163,0.008689552545547485,9
332,6.64,174.03543252933338,170.22285225657032,173.06873670574902,174.0924340513985,171.25674773627267,163.87012785424682,2.6412906094209845,0.007414281368255615,9
333,6.66,174.64210828622734,168.80080407158502,173.12898477428936,174.15961802386556,169.3014085378569,159.54257519719684,2.8185670021192175,0.005084514617919922,9
334,6.68,175.10583886075906,166.56551592722005,172.91456708607828,174.03781629083466,167.8383447242996,156.59967951664544,2.9932765353674684,0.003885209560394287,9
335,6.7,175.04532661658507,166.09023907369988,172.87362028865,174.08016642943338,171.881479974826,152.19439314588902,3.1479538743216153,0.0033806264400482178,9
336,6.72,174.39672757552813,164.58415287198787,173.1654079163899,174.1562977239211,177.1545332118969,147.74392846760915,3.31097653046419,0.003271251916885376,10
337,6.74,174.8270632816125,163.56114108236375,173.23094642178702,174.13596463952825,179.23087232076392,146.37737058096323,3.428958536053389,0.002245306968688965,10
338,6.76,175.1420211569075,159.59515496182487,172.76367959354315,174.21693658451758,178.7913564926689,142.77771018386483,3.548013439659883,0.0029008686542510986,10
339,6.78,175.15169516483215,156.73438007163568,172.42332246741225,174.12522050552366,178.9192064536639,140.11378847482658,3.7231229364069067,0.003081977367401123,10
340,6.8,175.27569339797054,154.98817661978842,172.1843454826779,174.20802471486806,178.52048024996293,139.3670838328458,3.904886373845914,0.0032992660999298096,10
341,6.82,175.38149526917485,151.9326701361715,172.0281456735553,173.67498978119158,179.54607821759942,138.8959964141343,3.983396206454705,0.004054814577102661,10
342,6.84,175.9636370044261,154.14906683796877,171.50573656307566,173.25952945109682,179.07203555433696,141.1387339902894,4.047688207370135,0.00457918643951416,10
343,6.86,176.2323790781447,152.69474394225958,171.26486882598195,172.69764718250414,179.0576698754287,145.1120112320511,4.090299021732077,0.005637139081954956,10
344,6.88,176.26731559329116,151.0524525537521,171.2193781283824,171.51108115615835,179.78319365339087,154.51777916684415,4.203376957782525,0.00973781943321228,10
345,6.9,176.8680887577855,150.0215486332302,170.9311357350184,170.9546146867733,178.68174449170456,149.87288771499937,4.29990222765743,0.00907909870147705,10
346,6.92,177.1144768261413,150.57432485764053,170.99033920635418,170.6853625733864,177.6050671595671,157.64925657056523,4.318162367685155,0.009956985712051392,11
347,6.94,177.34797801947863,152.56221909836074,171.03129381651,170.54123654748352,176.9632048376556,165.9619209158574,4.333162316095995,0.011340916156768799,11
348,6.96,177.51896297786521,146.70135841868372,171.02343770171427,171.02744647761182,175.92282499403674,160.3705770526155,4.708628793328356,0.011256217956542969,11
349,6.98,177.61790230327043,147.47652937716833,171.11286863608794,171.4560588872219,174.75645606964383,162.12008532930963,4.879534908815404,0.011161834001541138,11
350,7.0,177.45438474454173,144.39017404916814,171.5104105925735,171.22748949413753,173.53432533134668,159.76261600677546,5.11983247393612,0.010793238878250122,11
351,7.02,175.5553037611725,136.57599994699194,172.83417378525994,170.56789255460492,174.02198951024315,152.52814348820135,5.109673535662924,0.010334610939025879,11
352,7.04,175.00067698953492,129.33197821477424,173.5245820928352,170.2810426599634,173.7638172322948,143.39348612868793,4.998492710686683,0.009875863790512085,11
353,7.06,174.2319213835694,128.66867633677768,174.64715660568444,168.75327663415771,173.28672904321593,144.59311408177174,4.804978617961875,0.009614229202270508,11
354,7.08,173.4148710678519,122.68369611740547,176.25332112218274,168.36833841625798,173.69484242641659,139.36710458460274,4.2651475925912905,0.009510129690170288,12
355,7.1,173.3666440747085,110.99646151828685,176.90721173504724,168.14715209850874,174.01776173884474,125.43650783678859,4.026978691837906,0.009718924760818481,12
356,7.12,173.31348714938653,115.2790851660209,177.1800779523248,168.23580006509425,174.25250838806778,129.60843608153397,3.9286774200502874,0.011691033840179443,12
357,7.14,173.33011420001873,121.25369880285444,177.4942527586243,168.1571201110104,174.55612334135964,138.14544461231208,3.7960420220226414,0.013794392347335815,12
358,7.16,173.13429823571002,122.40161259003807,177.66863703212235,168.16357467744848,177.53978229874204,128.1680900598079,3.7310703683870377,0.014542967081069946,12
359,7.18,172.81832053583776,124.65901685107727,177.9609785927363,168.141881775476,178.45331738526937,126.148892925791,3.553670212902175,0.015295684337615967,12
360,7.2,173.1318402069727,132.1460748601579,177.88079198656848,168.31246881468553,177.2831508376416,132.4692247318189,3.4812904983067843,0.016142278909683228,12
361,7.22,174.31053932229742,142.04453371722417,177.55211024063632,168.54511553285215,176.78413211761406,143.2281565583929,3.3881418759382034,0.01706063747406006,12
362,7.24,175.38429268646203,145.90987065897656,177.2620065488882,168.44467900656727,177.1081355248647,145.60440576372707,3.2340907282038924,0.016904443502426147,12
363,7.26,176.26714052317905,150.75487041390258,177.42859422904414,167.98118047723526,178.0248232118112,148.7853893687234,2.7086561493339443,0.016815900802612305,12
364,7.28,177.15488130096512,159.55422368764295,177.25131502933715,168.75243165357443,179.07189553694386,155.3046371503777,2.357445466804172,0.01727309823036194,12
365,7.3,177.77818486503554,166.66901667786564,177.12568295862584,170.28880195996092,179.83956478472257,160.87564844827048,2.294274997296973,0.01716911792755127,12
366,7.32,178.18534065741662,171.88290766395554,177.15516036161603,171.04265018850748,178.49664316182756,163.22609684724648,2.299593235609646,0.017136186361312866,12
367,7.34,178.43099571497535,174.54797828284504,176.86421842661352,171.5415619409946,177.26850936080416,165.84007737302827,2.38540857275961,0.01738867163658142,12
368,7.36,178.62130783497872,176.8709014072403,176.5206118280159,171.9966871712603,176.59460915910805,167.55535068035934,2.4681427122577606,0.017664402723312378,12
369,7.38,178.4185007726923,179.08132975410024,176.25767468131042,172.22011318077205,175.91307187076293,172.72220165897963,2.5399199911723644,0.018598824739456177,12
370,7.4,178.91581567935287,177.23701883965975,175.8554178725305,172.87551466457322,175.0610939052534,172.99840064584086,2.6802109029576706,0.018382728099822998,12
371,7.42,178.85370367588735,175.80212317361938,175.8084470823484,173.45889093986483,173.93109321487592,174.16040256836354,2.6335876470382886,0.018497109413146973,13
372,7.44,179.00934177400552,174.74276876643907,175.33260762636996,173.80166825467947,175.33113877921522,176.23929068313245,2.624806386901729,0.019422054290771484,13
373,7.46,178.9905188313835,173.81747300904252,174.81410147077935,174.2743289415036,176.4578703546871,177.43164301186386,2.6110580920779123,0.019864767789840698,13
374,7.48,179.51073652367512,172.46988267198793,174.061461444185,175.1125611837455,175.8478414998604,178.58282148077032,2.7004947809571327,0.020174533128738403,13
375,7.5,179.91593075223182,170.74683218704197,173.33985281196232,176.11707206824582,177.69232718576947,179.32165864547687,2.852022340273393,0.02066156268119812,13
376,7.52,179.41278156476915,167.85998526229062,172.62040442530497,177.59575029302127,179.36928761238897,179.08086548212765,2.9207756954042643,0.02164629101753235,13
377,7.54,179.60574878137604,167.9679948353833,171.4918073682368,177.865305122591,179.65978715775404,179.74676192324733,2.98740636700526,0.02151438593864441,13
378,7.56,179.39270668507504,167.18709472619605,170.69491428133753,178.34220184907434,179.25593723403398,178.71305408229767,3.1397914536724856,0.02120104432106018,14
379,7.58,178.52036520195838,166.25487166434027,170.197065025736,178.78200619036951,178.12538494646495,177.8889440716132,3.0980426426665355,0.020828157663345337,14
380,7.6,178.75075403772047,165.41935277202094,169.75553831367762,179.11381232941505,179.0675574261014,177.7975428227217,3.0365145152736788,0.02112075686454773,14
381,7.62,178.75029033226124,164.6957474982208,168.94419838969753,179.56755331919032,179.8232676792391,177.92463937862527,3.1489954325346488,0.020967334508895874,14
382,7.64,178.60158209238244,165.74860971244425,168.48222506368978,179.72894484617254,179.73063165792348,174.37370086595945,3.172400257644605,0.01982131600379944,14
383,7.66,178.60396606739803,166.53929783441905,167.88181500140269,179.74273731850627,179.37226031650155,174.2362809016449,3.330867348960535,0.019563794136047363,14
384,7.68,179.0072240567949,167.87503922056248,167.7919957793147,179.52520288659366,179.6777488586983,174.05815007021724,3.2088661823544786,0.018978387117385864,14
385,7.7,178.8966936602876,168.77651618213747,167.2315220210992,179.33187799068523,179.81697971405396,170.761866211237,3.253636896689237,0.01801466941833496,14
386,7.72,178.816727007609,168.90327855911076,166.91096273424003,179.88802349991306,179.76296626719383,171.89163685226276,3.304396319887334,0.017640620470046997,14
387,7.74,178.9122064831387,169.10290463079696,167.09228856633138,179.9605232292142,179.19103155441215,172.92203768239617,3.2359703254380605,0.017302274703979492,14
388,7.76,179.0076685375962,169.0538267872495,167.4050452203207,179.67681038602643,178.44391465103504,174.6780684432824,3.176743085462381,0.017007440328598022,14
389,7.78,179.3516562915105,168.87273909999985,167.6041509515618,179.18080172556583,178.52437586790535,178.10355953165373,3.152710684046255,0.016887128353118896,14
390,7.8,179.49226420539532,170.0068561236511,167.37713290892336,178.91563615896857,179.15816579539876,177.62212992067293,3.2117739819851465,0.016365498304367065,14
391,7.82,179.9436757230463,170.9295690130845,167.08554811546736,178.75395538248517,178.93039026255863,175.91653955408347,3.2876672368140607,0.016016840934753418,14
392,7.84,179.48158989770175,171.45734014922255,166.84223730565716,178.79419399436912,177.52948088514356,174.19604404717998,3.3382495111942845,0.016139835119247437,14
393,7.86,179.11074174920975,171.78868128759248,166.76223620808804,178.89382132706228,176.3978867830897,173.82903124859115,3.367956332209704,0.01623004674911499,14
394,7.88,179.49271207595118,172.29165973794272,166.356560374374,178.94306280397177,175.60277447610795,172.29573929430663,3.376918109943129,0.016218185424804688,14
395,7.9,179.98144384414863,172.40508236170902,166.23489332017465,179.03895933174087,175.67667680904964,171.9515773737065,3.32861211560913,0.016185343265533447,14
396,7.92,179.259007199232,173.2693548841495,166.08677544106882,179.64965954058283,178.8967353277252,172.44275419815114,3.2479978657786206,0.016216576099395752,14
397,7.94,178.55037664193932,174.18717007693823,165.8580676040492,179.7425726362921,179.20158727466784,173.1814499502999,3.238245929852758,0.016119837760925293,14
398,7.96,177.44415233883652,174.7910009406457,165.56369556529785,179.29186894590705,177.03957023381824,174.01162670291293,3.191902896936649,0.016142159700393677,14
399,7.98,177.14763371744735,174.9511528777706,165.47122067507595,179.0341193334311,176.67820403205943,174.5120472943521,3.1254275249442474,0.016218185424804688,14
400,8.0,177.41687376257337,174.98195723872115,165.57252613109773,178.85436665908998,175.7215692006539,176.30498564712283,2.9838551702084875,0.0169563889503479,14
401,8.02,178.1873192619102,175.20129253142122,166.04869389197285,178.7162773852908,175.38636737892082,177.2392112112961,2.8400671540255833,0.01746976375579834,14
402,8.04,178.94529204602765,175.460533464893,166.33406296048378,178.6284464414793,176.1711959216819,177.7785860189444,2.7850822407077955,0.01797834038734436,14
403,8.06,179.7314421590484,175.6060001488196,166.92015871781925,178.4067137045042,175.9024259308214,179.33879866647945,2.6098837286408996,0.018452078104019165,14
404,8.08,178.89964933666218,175.9782146171663,167.54208372562792,177.8628613803924,176.46709725530937,179.1412377712821,2.2912810526860987,0.0191098153591156,14
405,8.1,178.12692545932256,176.49263043811047,168.3722905740684,177.3043243791806,176.3670011018316,175.19003106702365,1.8497472397013723,0.018908321857452393,14
406,8.12,177.41788033325707,177.0614527776571,168.91749368932736,176.62248942519193,177.1214003203322,172.45376004875925,1.496432598064627,0.01942265033721924,14
407,8.14,177.7109506461042,177.70189607467148,169.06226952317388,175.61859714775346,177.18836389637246,172.87568326439123,1.1893001413737576,0.019977480173110962,14
408,8.16,178.55805463888098,177.73582419314548,168.9473727544323,175.26378113599307,174.94558080519323,173.20680966667942,1.0723699589331934,0.020294994115829468,14
409,8.18,179.55623857392132,179.98755994153822,169.0619997516237,173.96891609757935,173.07686441965328,172.3935718620357,1.1187987183137302,0.020717203617095947,14
410,8.2,179.62811227877248,179.69414186048698,169.48835029130174,173.66611120776287,172.95669718488458,173.47484100734013,0.9780869258695869,0.021432965993881226,15
411,8.22,178.52948536981367,177.7025171329107,169.85002029064586,172.1641959081928,173.93386402335116,170.57247805162245,0.6793434531425945,0.02214565873146057,15
412,8.24,178.1111030260208,177.16850214104625,170.13721216266987,171.77917336159535,174.66954034720519,170.57691311090744,0.5482415913680112,0.022488653659820557,15
413,8.26,174.9225759822353,177.09840869132364,170.65329797480908,171.6504747538509,178.35390736859335,169.71928135359235,0.3792295694917627,0.02342379093170166,15
414,8.28,170.3725194545405,176.34227495276212,171.20581598423723,171.42507983473075,176.1243234106649,165.7350867083764,0.3845995978609638,0.024164408445358276,16
415,8.3,166.26614084270693,176.76724408170176,171.5763900029509,172.10432690376837,170.56476262607123,162.84895333906235,0.42081162440299896,0.02464008331298828,16
416,8.32,164.81273071662633,176.94269948522594,171.3004218890389,172.52521052151556,166.51981206176384,155.92082508537607,0.4485081751377386,0.025316685438156128,17
417,8.34,164.0054507519408,177.2704473822851,170.38628983518026,173.1198209305896,161.7470961164528,152.15836441472254,0.46646486982255925,0.026339083909988403,18
418,8.36,163.56502841138956,176.50047603884303,169.75381888537112,173.32305377351858,158.62680344950942,146.25447274574256,0.4303151740636021,0.02586546540260315,18
419,8.38,164.92572253349988,176.5194109231771,169.22567855990374,173.34172657391565,158.7402515339584,145.07965521869122,0.31446304462100527,0.02575823664665222,18
420,8.4,168.90929284650917,177.05309983042036,168.25786893677756,173.6752470995192,161.7026990513023,144.7366098014874,0.2206241707285643,0.0257723331451416,18
421,8.42,167.507414375757,177.19330981601485,168.24557909475024,173.90398900029408,160.5259869123989,144.1692989014105,0.15395949628220634,0.02591860294342041,18
422,8.44,166.23180298815961,176.9058043332272,168.1692273772111,173.5961535828449,158.13621999234906,142.7118176594284,0.026418112967839812,0.026229113340377808,18
423,8.46,167.29791850239985,176.20380291953185,168.0876375153407,172.55098809232265,158.43353518769376,141.56840457491685,0.4801787620037303,0.02641117572784424,18
424,8.48,173.6883694093997,176.28547707405409,167.41171797476215,172.3162210402809,163.94197918944704,141.75798676269264,0.7310980968080376,0.026373058557510376,18
425,8.5,177.85940599837585,176.56994433240445,166.98929665941537,172.4310850281723,166.74480546049796,145.3986925152353,0.9069021237643828,0.02652496099472046,18
426,8.52,176.6855566203586,176.77770182604212,167.15211775928168,172.75618663794253,165.30499572868925,145.5957684235203,0.9330397412035781,0.026881664991378784,18
427,8.54,173.39616282593732,176.6677005596285,168.0088559098046,172.69500003925629,164.05547350474728,144.88795150248868,1.16586804783286,0.027271568775177002,18
428,8.56,170.5182007268221,176.2989389536457,169.39012047852637,172.5356427750543,161.55384762134688,145.07811336800174,1.4830499334368337,0.027503639459609985,18
429,8.58,167.64350210876742,174.17896071111824,170.41281637344676,171.48639592448788,158.4014551275843,144.49423264664753,1.6622156134851025,0.02792862057685852,18
430,8.6,165.87803342878664,172.00119384266782,171.06191108993121,170.09773606602914,157.20929959129037,145.05311595138474,1.893463980586497,0.028235524892807007,18
431,8.62,165.25723550557547,170.7769288836017,171.70617283441018,169.32470296807216,156.97137801856366,144.57994990838975,2.086222194974883,0.02844277024269104,18
432,8.64,162.1286493406402,169.1419626937191,172.08477045919776,168.28988634273844,153.14178631475156,143.44911852547162,2.241163858376665,0.028983592987060547,18
433,8.66,156.69610450830243,167.6038077799202,173.23101633478612,166.9960957368856,148.10942355837003,142.4339389720912,2.722801219817967,0.02981281280517578,18
434,8.68,154.4462989056943,166.995359721067,174.65307388758117,166.72129975262976,145.8257121366432,142.02642895308347,2.99804963180035,0.030900001525878906,18
435,8.7,155.1746927868112,166.43943912463058,175.36471213153553,166.53712947199472,147.71244140806485,144.09770065850068,3.1635903593291705,0.03104180097579956,19
436,8.72,158.33509214564342,166.37007605284793,175.17456860783423,166.28201115849328,150.42792831258816,145.17744076521493,3.324565655027278,0.03130227327346802,19
437,8.74,157.69955911895843,166.4091692553635,175.07616142715585,166.2078820776947,148.03864151964916,145.04929358694724,3.4258004509010216,0.03251439332962036,20
438,8.76,157.2627487157879,166.00565949829942,175.73578579105327,165.65265172288653,148.22021617867728,144.51008689768318,3.741595470507446,0.03297784924507141,20
439,8.78,157.3666659803112,165.8318327769559,176.37796360675878,165.48249758280042,150.20357595111005,146.15489434881445,3.847339700108935,0.03323936462402344,20
440,8.8,156.66428763394032,165.8750693934139,176.95801622503618,165.32494661893782,150.56208868828477,147.22263517610193,3.829781036411092,0.03383302688598633,20
441,8.82,155.23884531382353,166.33688855860547,177.83093096707935,165.38232195844589,151.67034514044312,150.28236817673894,3.6591914036632063,0.0345497727394104,20
442,8.84,155.20392022329798,166.56786493547202,178.13537747155738,165.33399839803332,152.78332610678336,151.2512310236639,3.5673257088233363,0.03481537103652954,20
443,8.86,155.19647980544806,167.02828371603218,178.41572118345223,165.5362868985648,153.63823846655728,153.42894310634324,3.3846337645715137,0.0352175235748291,20
444,8.88,155.62691899997486,167.39930422724026,178.723001497397,165.4010498009908,155.3364275625505,156.16623208946126,3.3366849816268,0.035047292709350586,20
445,8.9,154.8659088323404,168.3124330536297,179.73822851138587,165.4429461777534,157.043072623973,158.37019751984133,3.2131141613712857,0.03506234288215637,20
446,8.92,154.3039929266276,169.95126825334933,179.67726272808113,165.79356040782423,158.38512256839675,164.36413966169212,3.078912034014441,0.035831451416015625,20
447,8.94,155.0835546565013,171.15284887514775,179.95163330179307,166.29212975906594,161.031330578332,177.64984013449458,2.8487890659670674,0.036286383867263794,20
448,8.96,156.07928190070285,172.71023405182632,179.90489574297897,166.52951155337536,163.68569348772195,177.73742996785055,2.64931763890245,0.03663069009780884,20
449,8.98,156.59694304011273,174.221517742531,179.95793258066965,166.79705109283768,165.3945908075739,174.39078285918643,2.548253862992365,0.03701448440551758,20
450,9.0,156.28425983119647,175.6219682292445,179.6512069529418,167.19581589387326,166.13046046962685,172.76461388403044,2.496381261018048,0.037277162075042725,20
451,9.02,154.7572577759632,176.69650565035963,179.13215501435783,167.82324561160212,165.8270315549489,171.71067147656612,2.1113724481921934,0.037566423416137695,20
452,9.04,154.63735332633544,177.3387198735791,178.54582777644097,168.31851937385971,167.77060370420378,170.67602653468902,1.7940288519613612,0.03711766004562378,20
453,9.06,154.28537323723523,177.79424109617275,178.47485844987435,169.05361376006644,168.06699771113293,166.4365696359532,1.2795259597784068,0.036538541316986084,20
454,9.08,153.8118166686389,178.43540272803097,177.97710925366144,170.1043188278537,167.53852853385487,165.43485971499763,0.8557840743927727,0.0365014374256134,20
455,9.1,154.59772974505742,178.77265901787538,178.37631087290634,170.35548818268828,168.7774280202704,164.2252697180596,0.7048633249272991,0.036077141761779785,20
456,9.12,156.16274881379954,178.79581013040587,178.74919862739506,170.59287907897001,171.7083647391968,164.40475561409733,0.4952228330480973,0.03488284349441528,20
457,9.14,156.25634220843818,178.78617151271752,178.7239713156698,171.06939359764607,171.8046671097464,166.85164962008847,0.32701868588020755,0.03434291481971741,21
458,9.16,157.26102845268431,178.41588412504407,178.99757769537646,171.8759236119999,172.97967839406098,170.02353503700593,0.16396242364365787,0.03269359469413757,21
459,9.18,158.51387657269368,178.78659723385243,179.28331292378923,173.10271562377858,173.87438074321682,171.2679042835716,0.2639176978266037,0.031125932931900024,21
460,9.2,159.40829212209798,179.44592644835137,179.6858717983471,173.7462192739721,173.75547173326433,172.00384981231267,0.5730897838837441,0.030254393815994263,21
461,9.22,161.44374652983578,179.95778091421946,179.52867749715057,174.3128393477909,173.60543821092432,175.39073013032655,0.8375270184050033,0.028139084577560425,21
462,9.24,162.59816978951812,179.5494246990649,178.46636118410075,174.74297882374188,174.66049338005644,177.09906097071078,1.1107263284955322,0.027566999197006226,22
463,9.26,163.4759582042137,179.56713095386618,177.90066152530667,174.9414207400252,170.43975016870422,179.9867882420541,1.3574200432318897,0.02695685625076294,22
464,9.28,164.10692084476455,178.9690141922973,177.2857961599426,175.22515700706822,170.64803136318926,179.51786314516474,1.6094518325689535,0.026487231254577637,22
465,9.3,164.93198914267433,178.56924513666968,177.01210902701246,175.18203905200622,173.05681918365067,178.7803867369341,1.746409964400282,0.026014864444732666,23
466,9.32,165.24566531374492,178.54282434577593,176.4825319197729,175.30546412881105,172.67447590095858,178.74208307811574,1.8977134017258492,0.026062428951263428,23
467,9.34,165.78446542142964,178.74755820167212,175.8502267971943,175.4260179216891,169.98075734927704,176.61799002734688,2.176780401504137,0.02568712830543518,23
468,9.36,166.1220911434712,178.33432539082668,175.39557677440658,175.70246729313942,169.50500450492362,173.72109442420975,2.5569229373811777,0.025650829076766968,23
469,9.38,166.6868081333171,176.7386090621928,174.94466668513078,176.0642717494801,169.24616902785172,176.11366377262206,2.811446160519143,0.026775866746902466,23
470,9.4,167.5819139271972,175.72933256929778,174.52584567906464,176.25811689416207,169.27747787873693,177.99485504924905,2.971286170949227,0.02709028124809265,23
471,9.42,168.60283920239203,174.18260137188156,174.1692460288868,176.4587449630357,169.57645589355724,177.32649925455974,3.051637851741647,0.02820354700088501,23
472,9.44,169.56548756417817,173.52041870014185,173.73521214763315,176.6126248579805,169.5146585116243,175.6220457859581,3.0760364562607663,0.028876930475234985,23
473,9.46,169.58323388963646,173.38838830088898,173.7246158558029,177.06776900859685,169.49106470409077,175.62491944062,3.2097187002887217,0.028884530067443848,23
474,9.48,170.13118554422235,173.05465673246454,173.1008447148469,177.72696102153066,169.3984983097901,176.23711681907088,3.537730030652432,0.028886139392852783,23
475,9.5,171.02722266515195,173.0227553545843,172.4561123587307,178.17453725128476,169.84549260926164,176.4594081131298,3.7270109663100484,0.028856337070465088,23
476,9.52,171.81923840441578,173.1784503033652,171.9364900002844,178.60214666137352,170.2686152747388,176.97425103248733,3.9014713345069465,0.028852790594100952,23
477,9.54,171.90087147622094,173.2292843609514,171.77554985978722,179.2392035291338,170.98361253458836,177.61850056858574,4.171620600027173,0.02874740958213806,23
478,9.56,172.931649874527,173.53923949416628,170.9686187538049,179.8617388825236,176.0328658767304,179.1817166000135,4.520059282092097,0.02877277135848999,23
479,9.58,175.23925855190978,172.99236717444649,169.43651419154497,178.86872049760314,177.1762605925878,179.7502599201854,4.889764448850802,0.028782784938812256,23
480,9.6,176.5501860820801,172.26447707254042,168.71615115739195,177.95130478716575,177.19946428911965,178.54094891706455,5.090033127955173,0.028923898935317993,23
481,9.62,177.91022592233688,172.66211974911488,167.96365085047756,177.58023345973945,177.9551734598683,178.46410524113625,5.294117391657923,0.028918564319610596,23
482,9.64,178.55595762823447,173.32600239624128,167.30516652204807,177.42459155988863,178.04851497706838,177.3867148565553,5.5359890725947265,0.029202818870544434,24
483,9.66,178.7702115888837,174.18919453316843,166.50893345823377,177.24056720757252,176.4082345100942,175.31938216157758,5.837064885424761,0.029903799295425415,24
484,9.68,179.28233333532714,178.22469273725088,165.75711056736773,178.36274742155027,175.72058978377996,172.15555497119558,6.2048527760201315,0.029695510864257812,25
485,9.7,179.3110785068511,172.87173275268665,165.68121877083516,179.6181473179485,173.13536323301884,164.6876117060521,6.378214707945866,0.029376834630966187,25
486,9.72,179.66899875311296,165.81698468935994,165.3471538832835,177.79320377691081,173.17293256938478,159.49258781193262,6.519093116242592,0.029610008001327515,26
487,9.74,179.77123407037544,161.1052170475135,164.9549821165843,177.10225351269153,179.67747503360883,155.67194044632822,6.747814902763371,0.029572337865829468,26
488,9.76,179.92083647459896,134.8008767273301,164.59885463208641,169.92218935502535,177.9987546089465,136.42342603605016,7.019002349626696,0.02989169955253601,26
489,9.78,179.93062089004852,122.95828666366998,164.33539837377828,167.47141541267442,173.56361714923028,125.85292600483177,7.27689618189508,0.030779778957366943,26
490,9.8,179.92727179458151,124.45216368257456,164.5116393548993,169.11183839761514,172.79992986608244,122.69371309366876,7.252255836952085,0.03104984760284424,26
491,9.82,179.3850208034679,121.62046551364182,164.49505951248042,169.48484128884687,171.93091252097693,119.19586639716448,7.339868878486318,0.03144735097885132,26
492,9.84,179.02523905275555,124.80160250382289,164.15576928102806,170.05102699066126,169.61860548732741,122.81202027042869,7.558419792851378,0.032773494720458984,26
493,9.86,178.95627731633363,130.94864565398876,163.8613612706253,170.96933779243815,169.93398253650759,129.4817383658242,7.861147220829074,0.03411892056465149,26
494,9.88,179.31645725027118,131.35350628992177,163.94980228276782,171.27104934561032,170.40335350681863,129.2991816822579,8.080560997347808,0.03396326303482056,26
495,9.9,179.48362203130495,128.3525762387154,163.98944793837302,171.74018711867436,171.56986826692787,127.71795614386295,8.563601431381636,0.03372395038604736,26
496,9.92,179.2091111127944,128.24037862295108,164.14695470876583,172.71157889182334,171.30282826098554,127.3228637924593,8.761354595349077,0.03343603014945984,26
497,9.94,179.61750525184218,127.01540863010385,164.55851225619085,173.099776463337,169.81616117008187,125.24525301999549,8.825690989364544,0.033273547887802124,26
498,9.96,179.40991573526398,127.43587966098985,164.8400731115318,172.81063001835892,169.9640345489109,127.1318603615086,8.848814567427453,0.03378233313560486,26
499,9.98,179.1801534987717,138.2333495588257,165.21041115108923,173.3774325279898,173.23474122088155,137.272282877824,8.924344920704787,0.033762961626052856,26
500,10.0,179.33283730459416,145.27698078457584,166.23439937119963,173.39886097053648,175.03157668124376,143.5303528232725,8.65727194444633,0.03421756625175476,26
501,10.02,179.76664121164524,152.8780487590303,168.37298903134248,172.93110536642803,173.42127565937517,150.80293506469204,8.025104481174461,0.03558787703514099,26
502,10.04,178.8383659839473,154.26932213126207,170.15373831804578,172.47585220400913,173.9843844239309,152.00058456316015,7.507524830926894,0.03552132844924927,26
503,10.06,178.55357305252596,154.54810762438984,171.06821277191645,172.11937824330545,178.1396861157025,151.17445397764453,7.15602391614656,0.03563585877418518,26
504,10.08,177.51430562630014,155.61253540200354,172.19139992254776,171.68041039999216,178.198863701084,151.520038296237,6.71489016408218,0.03678277134895325,26
505,10.1,177.024436787968,156.54496624059362,172.6002737105878,171.2878276554843,178.22319738405287,152.40437327690822,6.448606004241614,0.03709784150123596,26
506,10.12,177.5226855253376,158.94553310882756,172.23152107330455,171.1255027103491,177.7148429551084,155.47659039737607,6.371809670632236,0.03732365369796753,26
507,10.14,178.2812814998563,162.01607378969857,171.4789296613148,171.171231825384,179.47329948718917,159.58442098655377,6.500578609351852,0.03815123438835144,26
508,10.16,179.11140902946386,166.63293389315845,171.1804137609403,171.95953775279403,178.82221926558555,164.51134568636414,6.4619350816004895,0.038677722215652466,26
509,10.18,179.3175651621385,169.77322634358913,171.5279598287806,172.24072743508444,176.63587468620963,168.95283383577203,6.309583998973086,0.03905811905860901,26
510,10.2,179.0145124460867,170.71775514855952,170.88963747541814,172.38086649109025,169.53890676105704,170.07921218679803,6.1552197552090595,0.039043307304382324,26
511,10.22,176.659901657558,173.33578409783388,169.95007936301442,172.59480204894956,168.20743951462248,173.288005247287,5.977738101538825,0.039235472679138184,27
512,10.24,175.2510600281386,174.4589157159191,169.1625135401977,172.62784784256357,167.4123099828366,174.41499654801615,5.950898843809182,0.0393906831741333,27
513,10.26,174.71484239904063,175.2609269807545,168.60973998517844,172.42419485137611,166.52309561538965,175.61203490187634,5.901506506829515,0.03965219855308533,27
514,10.28,174.6928132300854,176.79356695627285,168.3980364071421,172.7566095819685,166.44802115956895,177.04692261302216,5.85512788241225,0.03999239206314087,27
515,10.3,176.2557120548034,178.69447383496822,168.4953619926146,173.01169040969614,166.75372347102595,178.96947885192697,5.731023216807991,0.041894227266311646,27
516,10.32,176.47888948827986,179.6126655334128,168.29163336571554,173.6311925284922,167.146233109897,179.12916191985718,5.655616207351985,0.04181671142578125,28
517,10.34,176.76862129033512,177.91629294085348,168.40559879302936,174.44499099391456,169.3146995600036,178.45307434220024,5.487929001095425,0.042875081300735474,28
518,10.36,176.31972842047907,176.24471820429537,168.6266370010475,175.30354952929332,172.37930203059352,177.3861245318316,5.337636601254275,0.04275470972061157,28
519,10.38,175.50336491705332,176.3973176580541,168.17692627559038,175.0111023578963,174.6526036698382,178.10254779284682,5.287886957979918,0.04259541630744934,28
520,10.4,174.95168316188926,175.61278830457871,167.84105221822514,175.1685222944418,176.8413456288826,177.98427859551373,5.228746056598779,0.042943328619003296,29
521,10.42,175.10063557388438,174.84973574665716,167.76627913662014,175.290064541401,179.29757745527314,177.6835021072641,5.1692779292451965,0.04317331314086914,29
522,10.44,175.89172943607667,172.17670723909382,167.48717552177504,176.67296237547936,176.90530217943376,177.63543374159562,5.082052998197325,0.04276454448699951,29
523,10.46,175.9860095358157,171.49207155283824,167.01599152875184,177.54165691948867,174.22162504195848,178.90304919755218,5.024254102566632,0.04200947284698486,29
524,10.48,175.73825449011187,171.57813418519316,166.5743295561431,178.45673692681137,173.58821099374762,175.0331332949333,4.985629864075842,0.03994619846343994,29
525,10.5,175.16807828099456,171.21081389145502,165.94140938676946,178.8450633158856,175.63337464837957,177.72004191444307,4.960817112190852,0.040243059396743774,30
526,10.52,175.2731081473399,171.92483774009864,165.43254611276143,178.73451901084667,177.03981860303642,177.76269928663086,4.9945896306297515,0.039000093936920166,30
527,10.54,176.3429788721577,172.5213521893651,165.25193185607765,178.97131302516155,176.47717572224073,174.3917178867423,4.971141206039995,0.03816065192222595,30
528,10.56,177.04741655525265,172.21885044303838,165.0497835155572,179.44616109801478,179.37279955365395,177.73098334684013,4.925644416873643,0.037697046995162964,31
529,10.58,177.4836318514486,171.05923823293267,164.91072329869996,179.6138144014667,179.1532824876493,178.08197079797273,4.945199537765671,0.03779616951942444,31
530,10.6,177.56288298681991,170.1266201376152,164.55372901875396,178.53127991663692,179.02550115919075,179.56200805780603,5.1794560072872065,0.03748682141304016,31
531,10.62,177.97365873331213,169.99999120308087,163.81961725752626,177.9394789040506,178.0672746076409,176.98506897396953,5.567578643738797,0.037738919258117676,31
532,10.64,178.62383017872685,169.96676376707526,163.202037291748,177.95300527266795,175.3813027683295,176.89475190929957,5.75727385616306,0.03894791007041931,31
533,10.66,178.96932042511398,170.46484529691534,163.14041823537673,178.57911929367233,174.79575114441818,177.75977151786572,5.655957859078677,0.03880667686462402,31
534,10.68,179.0436568120251,170.36997592772823,162.96786916259467,178.51486604050226,174.84882734509404,178.14313572126017,5.846867372431824,0.03888219594955444,32
535,10.7,179.92794935703074,170.19181296140698,162.57691760772215,178.3488020292407,172.77716318133875,178.49919932616032,6.123056266828071,0.039777666330337524,32
536,10.72,179.57298205556825,169.90041700654615,162.24512494636957,178.247421186906,172.62300831545048,178.27273289373375,6.361760494992182,0.04003426432609558,32
537,10.74,179.15519731021288,170.1505540511743,161.89705451237907,178.12858152591477,171.90664335759715,177.10530957853493,6.561993725168668,0.04014617204666138,32
538,10.76,179.06401036056218,169.930956663525,161.90553103167608,177.7866360009016,171.39070948932374,175.49163928955574,6.683540849685328,0.03991177678108215,32
539,10.78,179.53035794023415,170.2465517808383,161.86828645828948,177.33199682565643,171.95584495274775,173.41501717697597,6.8126492906399125,0.03852662444114685,33
540,10.8,179.9646665369561,170.2772531275925,162.09626912702694,177.03836703338922,173.6856472416641,177.31220248896352,6.7993099761263815,0.037877410650253296,33
541,10.82,179.89665257974738,170.4012924858209,162.4970888765521,176.95720563487384,173.97405308032853,176.30306178906022,6.641059072976162,0.03729727864265442,33
542,10.84,179.73595247435202,170.51161360999012,162.77529593959173,176.96848957387581,174.61954658005473,176.49320387111086,6.500130375369965,0.0370236337184906,33
543,10.86,178.97888917975953,171.0124712306265,163.7834784701323,177.8022455640637,176.21067894815243,179.36045696006013,5.748693630938656,0.036258846521377563,33
544,10.88,178.57657449728984,171.31725902978096,164.1776774053019,178.35436997577796,176.96681299563514,178.05037076752154,5.250593118744147,0.03525364398956299,33
545,10.9,178.69843077870834,171.4223007651456,164.76679006260784,178.8235374974932,177.16770524817542,175.7678276861161,4.739313478530717,0.03518533706665039,33
546,10.92,178.55378961621236,172.16010320504142,164.98531687487517,179.2875566924743,178.04606179398164,177.1265343039498,4.351045503130967,0.034038007259368896,33
547,10.94,179.20213337488912,172.6018037070723,165.7883780243517,179.74398545369013,179.67519073950697,177.00235767479938,3.7755001102330947,0.03344094753265381,33
548,10.96,179.95671160399087,173.45260449483132,166.29538306290203,179.66872078910492,179.35506425735824,177.27976324889184,3.246617174382896,0.03349846601486206,33
549,10.98,179.37959046032012,174.08628562285162,167.02676483727242,179.05574079558332,179.5755397892589,179.60839821942926,2.5811610393536175,0.0327928364276886,33
550,11.0,179.00391339275478,175.0761402171528,167.42235675301873,178.23462545559306,179.7283516011245,179.91138359004876,2.166383756423849,0.032742828130722046,33
551,11.02,178.23955761825033,175.2794016606098,168.3765846108215,177.91242014450484,178.7988172637056,179.29252262862073,1.6846534501708894,0.032658517360687256,33
552,11.04,178.38032075571638,175.85617650420863,169.8194238228148,176.9777248533971,175.10087309160735,179.55144320834026,0.9986715868005495,0.03275004029273987,33
553,11.06,174.8322724212985,176.34371617776878,169.58688195840966,176.46591635715026,171.23442734339204,177.91357666537277,0.5167021688922201,0.03230643272399902,33
554,11.08,174.2243949695757,176.93950036268296,169.7731199919053,175.88043689575792,171.620877918189,177.96275613520717,0.0961456660619882,0.03225266933441162,33
555,11.1,173.79646217399758,177.8179690453357,170.15717500616583,174.9142591594109,172.3627874702462,177.3620045246562,0.20799697453952726,0.03324708342552185,33
556,11.12,171.67778299461452,178.65760935278627,169.64408171962089,174.46674720151577,171.19944912219003,179.12667554042906,0.21320484944769053,0.032828569412231445,33
557,11.14,169.8953953738026,178.79448906315784,169.02670875509767,174.5103776653999,171.26330090066605,179.17963230797096,0.20132505800882614,0.032171785831451416,34
558,11.16,166.71438816784928,179.03171684976712,168.26427966396923,174.69242211099206,168.68248718740293,176.52745034563915,0.11230123912696377,0.032165318727493286,34
559,11.18,165.99032165348223,179.28238241424455,168.1617719781556,174.89224681983487,167.92562742444224,175.9387680375527,0.14464429913898083,0.031656473875045776,34
560,11.2,164.8540038719601,178.75805411105242,168.05182690501917,176.07823958757496,167.04284587552775,170.8937731144228,0.07336872319872298,0.03202468156814575,34
561,11.22,165.35653465464702,179.07604772383198,168.17071368872067,176.21043987151359,167.9437540534328,168.74789618313312,0.048718961338891316,0.03123641014099121,35
562,11.24,164.46980199157503,179.70010647234488,168.03667601416214,176.65284758426674,167.87553791010808,162.56318339117874,0.12559339890272936,0.03063872456550598,35
563,11.26,163.40203041375457,178.13704368331602,167.2737640438191,178.36690989223573,167.61567869598647,167.1771005040081,0.5423855271438199,0.030376732349395752,36
564,11.28,162.03692936066813,178.70048895511505,166.24617036117272,178.30535562232862,167.62491234827345,165.67935937121348,0.6660056933034213,0.030539274215698242,36
565,11.3,157.8449701077592,179.83882383384613,164.7951485877596,177.97162724369574,165.17829434358413,163.69425486404407,0.8584981479991569,0.030864238739013672,36
566,11.32,154.83724041652113,179.85487756105172,164.08965231175355,177.82231980152957,163.6531318837734,164.4263973939616,0.6984331261442002,0.03254106640815735,36
567,11.34,156.2432447896257,179.55049129550554,164.1039105174047,177.41083502955016,166.78429096615022,164.4371187154118,0.6031025949371778,0.03334227204322815,36
568,11.36,157.5759152667415,179.8102942231037,164.02924587199126,177.81013733337815,170.0792463273351,162.48516863605096,0.5921741833578494,0.03438404202461243,36
569,11.38,151.13983465216234,179.8469397487081,161.93976192143728,177.9006761262093,166.92089071164904,170.21253755206223,0.40352219069893447,0.03473511338233948,37
570,11.4,153.32018337383658,178.99756752228205,161.87779609976468,177.12314031583395,171.3697188161762,167.08725231090526,0.3268569949057353,0.03646737337112427,37
571,11.42,151.74467832056038,177.76752327489376,161.36823674625535,175.75540516987388,170.92909194830597,163.80091467241195,0.07903639057931015,0.03662532567977905,37
572,11.44,152.94822702444625,176.23641654481324,161.46045496601062,174.70350875115253,172.33027462072542,159.6628392455155,0.010128840752672121,0.03672921657562256,37
573,11.46,153.43835501217973,174.90250150373444,161.49262488052824,173.84952637760688,174.08404950393938,156.25706705833178,0.08655768128410796,0.038024067878723145,38
574,11.48,153.07758888284258,174.36719984567333,162.0760776039913,173.57686634020462,173.91502721004792,154.08638541902224,0.30342803562271214,0.03822442889213562,38
575,11.5,153.6574027156293,173.88788933905082,162.8537130284138,173.03245860292444,175.8650798325627,152.68235750959747,0.6544771394848832,0.039337337017059326,38
576,11.52,153.98976364653055,173.24022069987834,163.29418721757997,172.51759502483773,176.90200013310653,152.49420040523415,0.9769966989943186,0.040919870138168335,38
577,11.54,153.95691436517686,171.71796356921868,163.18891812763115,171.1944664648422,177.19980158607297,155.19163309035764,1.1977298265187255,0.041628867387771606,38
578,11.56,155.45981389782565,170.74738911352995,163.40081606050543,170.4603736514361,177.00415946888967,158.65636653531251,1.4164157678444202,0.042056143283843994,38
579,11.58,161.22157478018818,168.47080179788418,163.48946467764046,168.84371922077136,174.61865914149396,160.16877552799806,1.6280658166604738,0.04464280605316162,39
580,11.6,173.09210426020303,167.38871995696374,165.44707032104728,168.00108264949543,161.8479200024233,159.61068093866265,1.7613970944456256,0.04768839478492737,39
581,11.62,178.53133768492077,166.32604212633973,166.6761686004364,167.21635943177483,155.22945069929798,155.58077894596104,1.9909093961871858,0.04958823323249817,39
582,11.64,173.29818838814091,165.7835781921303,169.85928128395395,166.47658140489455,154.57506511295713,158.2083972621196,2.41171517601431,0.05069330334663391,39
583,11.66,166.013967873193,164.58521897353145,172.00002035817724,165.9404091598463,147.49253745386272,157.41162071219324,2.440753457543692,0.05295884609222412,39
584,11.68,162.8243492455036,163.92999153390454,172.99486623206457,165.46936681213595,146.2515679065169,154.02921354345375,2.5250444490806405,0.054074645042419434,39
585,11.7,161.56976448980797,163.80325377677727,173.65040532783615,164.76835625771875,146.51051832536373,151.29040829441692,2.6882612200565745,0.05642116069793701,39
586,11.72,160.04597931401543,162.5195113095728,174.50019105208807,164.00068107236385,148.9333814904829,142.74295295406029,2.743292405215948,0.05724939703941345,39
587,11.74,159.66652303632864,162.4681112352264,174.9879490732574,164.01269585296225,156.58420902813748,146.26202506941007,2.7159854116955295,0.058980733156204224,39
588,11.76,159.9915115170346,162.99379345752152,175.47165384119782,164.2421068705246,156.05322569145073,150.14323173552893,2.672573502663226,0.060521841049194336,39
589,11.78,159.28359077125506,162.96417112202548,175.9743756558119,164.87789504651954,154.7945934518836,153.12579122531784,2.43748089896454,0.06132858991622925,39
590,11.8,159.42019871473065,163.85048681628103,175.83862578967197,165.3759602622821,155.6498756636478,156.0365189450561,2.226901146071617,0.06295934319496155,39
591,11.82,159.58802878212342,164.8237171062033,175.75084657720228,165.6652709485124,158.1140479165436,159.79745943818196,1.98735080850323,0.0645296573638916,39
592,11.84,159.7146933776868,165.98461990976915,175.86211555905987,166.497309846862,161.51920054003816,164.6381258216875,1.7027572970114417,0.06654620170593262,39
593,11.86,160.15171246634145,167.16499048789282,176.18784800463348,166.86919745754443,163.24620495921826,169.60324306937312,1.562185483813998,0.06793814897537231,39
594,11.88,159.2892474995409,167.5482991069937,177.0738764897784,166.9731618133443,166.00392248372304,172.89068087493277,1.552357619944064,0.06743520498275757,39
595,11.9,159.04977253417314,170.03969425568502,177.54900274338198,167.55618745418775,168.0084796460957,179.42018965078663,1.2906561079181786,0.07033911347389221,39
596,11.92,159.44512082999768,171.2658794654952,177.1395299796239,167.56914100843068,169.31127354801242,176.54466758171597,1.1078982292512742,0.07086294889450073,39
597,11.94,159.89733431686108,171.6327612578339,176.9246172513141,168.07018085545266,171.5900235493436,171.42049107388607,0.8618411567898809,0.06857824325561523,39
598,11.96,159.63116503678233,173.85775130880276,176.97255216172505,168.43720263941086,169.75275357648368,167.28365679533317,0.5682090561248907,0.07186496257781982,39
599,11.98,158.86643314994427,174.50799736113007,177.349149568262,168.81874669565192,166.37525126141105,168.62431463476148,0.2987061453428496,0.0719805657863617,39
600,12.0,158.291983980236,175.88572880748126,177.28186769015355,168.61315233753862,164.78723240850465,166.57752057705886,0.1904486750872655,0.07394027709960938,40
601,12.02,157.9664479410753,175.9456244922082,177.52533932414283,168.43086749986708,161.7628108728669,166.94062835678932,0.12190887752653286,0.07316946983337402,40
602,12.04,157.91524416589573,176.11519458458176,178.10395067142278,167.71827880151156,161.28535416652957,165.18790681634633,0.5034437283713575,0.07344260811805725,40
603,12.06,157.8324110524844,176.3033964052679,179.11028797941972,167.46275160107055,160.02959665965935,165.0192608592785,0.8295902611060034,0.07317313551902771,40
604,12.08,157.82562565568708,176.50166362370877,179.91286418222978,167.43428462747286,161.06272934137232,166.01585072902301,0.9271530143528642,0.07111337780952454,40
605,12.1,158.24247950885132,177.60171431119522,179.8333672472264,167.4793952182214,160.1544950300409,165.1586781050892,0.7482951504858449,0.07284697890281677,41
606,12.12,159.44350830730886,177.7006470745938,179.6525347069207,167.45278068829194,161.946049405655,166.27055074693413,0.7035423928467663,0.07015398144721985,41
607,12.14,160.7644856541467,177.80377229771682,178.67474406539023,167.458571703927,161.106917182232,169.11469280922248,0.6167981614691078,0.068592369556427,41
608,12.16,161.042877521763,178.56463784323603,179.00799282685364,167.69745712942978,160.26888984186624,173.73178254805308,0.5301926406972838,0.06924241781234741,42
609,12.18,161.2618020577005,178.81152709572063,179.62509201483084,168.05559098684233,161.02740967177942,174.93856169956948,0.4845036555605947,0.06735792756080627,42
610,12.2,163.23406215732487,179.34017712271122,178.59020349539514,168.59580348552143,164.41785610506255,175.10690671895588,0.24787308045423984,0.06415286660194397,42
611,12.22,164.69663851212735,179.85229375267713,177.82102510512252,169.05932519826607,166.97999732369146,174.85717626657768,0.013806099570987383,0.06217944622039795,42
612,12.24,166.15003587051675,179.40252861238102,178.50499024553255,170.01777235977244,170.58514765605173,175.98522640261405,0.05991779189882332,0.059724003076553345,42
613,12.26,167.56785130010346,178.0067704500517,177.3638834772409,171.90230396689307,171.3397480299263,175.42465101031746,0.47307385063284346,0.05855673551559448,42
614,12.28,167.9105446207278,176.29092203227168,177.15347024320369,173.0678415329199,170.1792566940772,174.40874610140483,0.823955220063134,0.06164592504501343,42
615,12.3,168.59878267322455,176.29759481543866,176.85347129628107,174.42139314481756,170.66618539850745,174.94894905559173,1.2912836327336024,0.060188233852386475,42
616,12.32,168.85816370906596,176.62223086828038,176.25641433397672,175.08292648453468,170.59497419422948,177.2668590685986,1.6443397074837176,0.0582907497882843,42
617,12.34,169.4514716261281,178.8596122129783,175.91747660009747,174.94057482842067,169.71276809979983,178.39014517920998,1.8173430117599567,0.05800175666809082,42
618,12.36,169.69896985589236,178.4952663518759,175.46156485358196,175.73990429268105,167.80441630108723,179.07101998525494,1.936597878041544,0.05770036578178406,42
619,12.38,170.1562612166144,179.70397087695142,175.59560047595426,174.50736349740717,167.39537848960717,177.933025002526,1.4025290480150687,0.055868059396743774,42
620,12.4,170.70644987790624,177.54345121467802,174.08141473397663,174.83454270612194,168.26460062279077,173.40950177977595,2.1871697487685893,0.05345168709754944,42
621,12.42,170.44209791886212,177.59643809229746,174.38188538706532,175.58564221873402,170.12721319289054,173.27945892807435,2.3975722247890916,0.05336907505989075,42
622,12.44,170.47101376328658,176.87902737924153,174.88200178688547,175.34287040798213,170.0704909793543,170.15217062408237,1.9474319394162367,0.05096974968910217,42
623,12.46,171.4679017176071,177.15029443694476,174.5406926704403,176.1514047190213,171.75887852052898,169.01553921720523,2.194916425592926,0.05125364661216736,42
624,12.48,172.8396991056254,177.36187856023548,175.1681800209016,176.895679864732,172.9746297779067,167.4133301985259,1.644639582312757,0.053267210721969604,42
625,12.5,173.86943936867408,176.38883057991592,175.14314610081252,177.43597579204362,173.19019794627042,166.19309537397137,1.7712035040637295,0.053794145584106445,42
626,12.52,173.46995303307142,175.78768942323654,174.4482576913528,176.568553486072,177.96321244487015,167.5783932170597,2.2602280396595957,0.05626043677330017,42
627,12.54,174.29589596757808,176.48890690015998,173.98067209464648,176.6109626867249,175.6564339362906,168.71632705763832,2.432445966657851,0.05836567282676697,42
628,12.56,173.84377141011143,177.57211749387648,173.62180625795557,178.03872323398096,175.56803299658432,172.99801791127595,3.829588870662664,0.06189349293708801,43
629,12.58,173.6971646955675,177.48011535605437,172.86306708175084,179.37924544192109,173.87532524157265,173.7855975647313,5.1478714803895755,0.062116265296936035,43
630,12.6,173.7692057411169,176.8357198827902,171.8676969540413,178.76652191900314,174.6349431855836,170.54724947175177,5.546373792282714,0.06453436613082886,44
631,12.62,174.87956154686705,176.97669741794886,169.44440288734307,177.36912967609294,174.11307755320613,171.78883019420573,8.745082288628202,0.06774607300758362,44
632,12.64,175.494937032252,176.26937062920092,168.67309847468994,178.40219879060376,177.12606549636436,173.40113255366677,8.940508246404722,0.0695885717868805,44
633,12.66,175.671129782162,175.99267181337297,168.9545155825272,179.21149812579264,176.83383910868295,174.18189213629427,8.182556468006284,0.06981521844863892,44
634,12.68,176.09534658265412,175.94491232562586,169.13467680261354,178.24908343707185,175.12384492749757,173.9480522629251,8.699911123673218,0.06845661997795105,44
635,12.7,176.2000214335044,168.43742277977745,169.0513228828623,179.82527047251787,174.69919872786866,168.8504856627783,9.42790844345949,0.0677240788936615,44
636,12.72,176.68674882243442,165.82901313755357,168.74028722625303,177.71224390128668,174.6325745254843,168.9844148643241,9.124976683470903,0.0700799822807312,44
637,12.74,176.8269620806366,163.5386253735605,170.15853175349167,173.73135474931783,176.36991610028574,169.56701488813704,6.720891217855434,0.07296910881996155,44
638,12.76,176.5614848582437,165.56317401684228,171.13235978213157,170.79178391345957,178.15062060172468,174.0829333139683,4.772301104034981,0.07391339540481567,44
639,12.78,176.00492363144056,164.95918419857563,173.54899733143083,171.15454019709117,178.83246366140028,172.12643707198455,3.783154393012978,0.0754176676273346,44
640,12.8,176.02152099780244,158.8853143027317,173.91997513921424,169.5263559638019,175.05394893215706,168.67570330176164,3.9113701191210177,0.07598033547401428,44
641,12.82,176.92456056232766,151.98534998912646,173.9386527963297,169.7124644069457,178.0581327253947,164.98913679253027,5.156533771170969,0.07423892617225647,44
642,12.84,177.35375169054467,151.24939519319395,173.3203275557136,170.7520967724035,174.8698211550105,162.79284008035336,4.8034585001067205,0.07498586177825928,45
643,12.86,177.5428729704467,147.0941005732821,174.33398390406998,171.41312843749887,175.8426304770442,160.1569962374536,5.0010023203355205,0.07565689086914062,45
644,12.88,177.0894561139991,141.1314972380302,174.49254913928908,170.9983325474295,165.16704576179495,156.64859015710587,5.756236878676386,0.07744425535202026,45
645,12.9,177.41125040052688,138.5513091368604,173.2854380191056,170.12179229043738,168.3137374738605,154.56646682842663,6.353156972992718,0.07668003439903259,45
646,12.92,175.66150180031764,139.64898372753757,174.1161663982957,168.06162329666964,166.96909547054915,155.15992003790763,5.490461574227649,0.07641690969467163,46
647,12.94,174.49459639916816,142.9058924314347,176.036302120983,167.10483917387342,167.03702723945923,158.5329570747363,3.9700894698041314,0.07892727851867676,47
648,12.96,172.79891133594623,149.1845147676429,177.6910861731666,166.059006972309,166.82557560611465,161.7070746829471,3.1352220327554208,0.08038511872291565,47
649,12.98,173.21014227957693,152.8417627716479,177.19813906671993,164.7434197722161,167.26030905427345,162.69599318509626,2.6789769193441697,0.08346453309059143,48
650,13.0,173.3750982110277,156.1135200149599,176.92077094509503,166.9500059108854,170.01224601851064,165.36681301403672,3.106588340391308,0.08542770147323608,48
651,13.02,173.81478757753897,157.18920633601354,177.38548913592675,167.66222822025438,170.79120121528564,165.59334677804472,2.6626103810304658,0.08558240532875061,48
652,13.04,175.06776398400555,155.60129144373204,173.4888173037545,164.94602186992088,171.98419211734648,163.0231588181075,3.6019181683778565,0.0846920907497406,48
654,13.08,175.425473761926,107.6167044744144,20.315739220901637,16.07785939878474,151.8236448613899,177.71215111154407,12.015995196106173,0.1216394305229187,48
655,13.1,144.25383673174957,168.25480413315182,11.199673556914549,11.647444136196652,168.5767397754124,173.05901615752015,9.335731949705472,0.023957490921020508,48
656,13.12,178.05761116736736,138.0572467192473,40.894320773051646,5.884139062829028,154.06239854001717,127.44614644174433,12.304166507781241,0.017531484365463257,48
657,13.14,178.9467054132983,141.4316498313352,87.22230769914046,3.508906507782296,179.13418695023205,127.60047622894274,47.699110077800064,0.03724285960197449,49
658,13.16,179.15664615240271,142.249919700608,96.42727958578236,2.1900709551997926,170.9953395194736,125.3582035223018,61.52729515260554,0.06234258413314819,49
659,13.18,176.71889592090758,153.4954250018363,97.32956268177924,71.55080264084643,163.64427777093437,131.0377815434137,82.02664753238462,0.06016567349433899,49
660,13.2,155.9771795130623,153.6695023301812,7.961775084578134,68.2157872635424,153.8029710886324,135.41011834937382,12.961671275233652,0.040868937969207764,49
661,13.22,153.32642583594938,162.99702891155002,23.904985873911134,38.75141326452959,147.49790461445846,137.0170665820789,16.697602818400604,0.03703761100769043,49
662,13.24,168.11510843962344,155.48727250323856,19.09670316505781,20.47300463671945,161.68479279102917,123.75265453232805,7.9826791136381585,0.025667697191238403,50
663,13.26,166.1977852229418,153.39045184625562,23.80744069875242,19.252388673447747,156.63170141725845,130.82647259537885,10.144671589243108,0.036089420318603516,50
664,13.28,145.74402635362355,149.04642944474298,16.805857257297156,39.581029075255785,130.73343933258073,130.88743678608003,9.687799758986351,0.021850883960723877,50
665,13.3,133.75961159388646,153.48133727483724,14.342128101552646,33.695085001288476,123.31129403468442,128.49866362648388,5.719875458912839,0.0005647242069244385,50
666,13.32,136.64858051364138,153.18837608386244,37.938259380917636,37.01712836369524,127.03991546328264,129.22761356604227,20.830671891772308,0.020644664764404297,50
667,13.34,143.2452288459439,154.87898259289724,26.286450276796895,34.79615243548948,133.5194086859663,129.5865325111332,15.512756640957615,0.021395593881607056,50
668,13.36,150.51529186257375,155.7024840802678,17.561025087313894,28.48611556578688,148.02333381362436,137.65819191991798,9.840709368287596,0.04245877265930176,50
669,13.38,149.7770381007485,162.28962714718045,4.721663307833315,32.23588482978915,155.06068952221975,136.3795680532716,8.031061535437228,0.0370124876499176,50
670,13.4,146.65658257119364,156.85892031723446,5.502649760081546,37.90853059769403,149.85119680873174,130.64976478885637,7.773010126187376,0.04174363613128662,50
671,13.42,151.53122664372125,179.63718518342455,14.827787360094485,50.98617561160809,145.70854771073175,154.5727283083666,6.366783722375754,0.023341208696365356,50
672,13.44,157.97810091788057,176.10542731937787,30.741118709981667,25.13450067025182,148.88508772451212,143.80597336224415,15.188968663194043,0.009788334369659424,50
673,13.46,153.6237862293574,173.81684285583242,9.500627227301196,18.56219207721464,146.0139593583904,139.2599956723051,2.2586137668076045,0.010807782411575317,51
674,13.48,157.92866840552654,174.93582633500196,13.630965444334358,22.629163219216146,148.82059887088698,138.7861511022019,1.3869532249426286,0.024138182401657104,51
675,13.5,155.76349628925814,179.46922293177568,6.8005230566459245,28.05340324047522,142.45487281679632,133.93070087007874,3.8372111224128473,0.02315366268157959,51
676,13.52,157.6263819345589,174.19949590578858,10.011892091121862,31.893147546968567,143.47576269595942,138.58534121902593,8.516422278330305,0.03506910800933838,51
677,13.54,168.44521915717033,174.35571634974613,2.0936735891065914,37.98704282021578,167.56579994338196,144.87020678765842,20.19037736662389,0.028536707162857056,51
678,13.56,168.1527271936507,175.20308604778901,3.1058063653802304,36.19044445594288,174.27131517771392,139.5367559936106,17.20010546002674,0.03869137167930603,51
679,13.58,178.95622442749243,172.79010747684384,11.45775730085976,28.3848706611635,161.00529091980567,151.45321289082054,10.92626447879059,0.03743061423301697,51
680,13.6,174.85400311400645,164.73757792719988,10.566851763330689,17.171849225082408,174.49003332941433,164.0714416692565,4.893189950398098,0.05275335907936096,51
681,13.62,170.84761707379806,179.9583018565639,10.523787882747158,16.93742850892321,169.12979036974747,156.46030037376005,1.6025413377874738,0.062429279088974,51
682,13.64,171.33145222250928,175.38010470965705,13.553478433990602,14.179577680275232,167.57545080054763,155.9352970755776,2.0217877813347034,0.05914267897605896,51
683,13.66,170.46067552405424,168.8905728582181,9.222213826351078,7.54262843082604,167.75522627873738,156.4326826132244,4.922585400208924,0.058687806129455566,51
693,13.86,131.69088705844152,155.68759114471013,178.69820190191368,153.64372757607765,102.47486602381339,84.5307045081013,16.453956514980884,0.061314940452575684,51
694,13.88,154.65734776617822,63.115816956211376,177.48722880103264,54.67211012666901,88.41614292423385,77.28237277074003,18.88038772061706,0.06299439072608948,51
695,13.9,173.0585487245204,100.10438169662615,178.21311684069425,101.86892680918345,76.06028155655184,26.57302737297473,17.67959263448712,0.08728757500648499,51
696,13.92,175.95532455004462,108.50624643009431,169.53553242855475,116.7568551318168,74.41456385845785,18.112125845345226,17.320119461405525,0.08612298965454102,51
697,13.94,155.43749202205098,179.93330552301947,179.4303976831053,152.2877155281654,135.98030937193164,137.2311064453046,17.894626942739006,0.10743412375450134,51
698,13.96,156.4431982436908,174.5826614107472,178.22751031095555,142.21135238638377,128.19998218659825,135.18942462025478,18.511997136392466,0.1009320318698883,51
699,13.98,155.60020885583143,171.3157448860673,176.95818200367418,144.82891227990095,128.1435692591603,139.29920739647744,16.97803093202091,0.0949782133102417,51
700,14.0,155.36136230226415,179.93049213029644,174.73173601640943,147.63334174905148,133.40233435419958,138.29505025224475,16.326030703747527,0.10776224732398987,51
701,14.02,160.53273612964537,177.34330516983036,177.69320358309716,147.03633790230836,20.361647422029435,5.002305691548233,16.846794660539278,0.10216823220252991,51
702,14.04,174.05734146870915,146.81629036880688,172.06411328283667,148.17380309231766,25.757622516237788,68.00164103508087,17.367751078906444,0.09341216087341309,51
703,14.06,168.28332470632597,179.82178129790842,176.39171310049386,148.3597177619275,161.4846635980705,174.70562804624194,15.95976232954464,0.13477328419685364,51
704,14.08,166.2061430707224,175.13060207682398,177.0213837831358,138.332466581919,155.82697906866437,175.45387651858954,19.036222847690436,0.13325375318527222,51
705,14.1,163.0207699633606,148.92828574586792,175.59880251331066,148.21729524958775,137.39249901924316,72.64229918271482,18.592663031414112,0.08499392867088318,51
706,14.12,165.02410833819116,155.2938236444803,176.90752018964,151.26470293842917,120.28091896405343,139.988525131002,16.69253603995877,0.07122787833213806,51
707,14.14,159.14778092461583,170.98362223638446,172.28847356691338,148.99142224667156,158.30681803241458,169.2289462778909,17.117500832975768,0.057282209396362305,51
708,14.16,148.47908437648655,176.81289645411672,163.93519268625704,147.71908737298645,166.80766635719039,163.59984565577054,16.65615560128277,0.05877739191055298,51
709,14.18,148.42574876866593,178.86147837912918,165.94137106771618,150.074169091132,150.46420376904422,155.66829464254772,15.437046044891165,0.05539834499359131,51
710,14.2,154.60745717242847,170.39104740208504,171.080680341443,146.59073254890365,152.82244755781463,152.04531731370312,15.472453249137224,0.038790374994277954,51
711,14.22,150.61421104828761,158.86702021214097,169.0673786221512,147.56072393365062,140.0045018451806,120.11160941369572,16.30962992304654,0.004477649927139282,51
712,14.24,137.46953622874338,141.55365182605613,173.4994422289235,150.56002571839997,144.17348337764344,138.87034610128472,15.926356753421436,0.023298293352127075,51
713,14.26,148.54688188851028,129.51252864234297,177.8133373311385,145.39721151918837,105.95634484748489,111.05938358815622,16.945160066942673,0.035986125469207764,51
714,14.28,158.83742684265403,131.34062376904305,175.81592599017776,145.6194470863165,107.54129038190099,97.71892343780831,15.7021578774043,0.030990123748779297,51
715,14.3,177.68019521962785,107.59779847756968,161.12254848675622,132.2642188928027,131.73122118700962,58.70920704856476,12.864902287659824,0.00714564323425293,51
716,14.32,173.48858562031245,134.21464192055862,170.2056878322727,143.06353706346664,149.5514979083401,88.45005416338745,14.33899242784289,0.009092241525650024,51
717,14.34,42.126328676741224,3.416512805947661,115.34813991779615,78.11216321356878,165.43405872286533,19.68265078354911,17.34373774239097,0.02075791358947754,51
718,14.36,110.57640054548676,137.86043178324903,16.740997791436886,27.890516034676075,167.31105473503698,144.70133625590148,15.33532465065448,0.042600423097610474,51
719,14.38,155.16940794879656,80.47604004163611,100.45662489974815,81.65561117244694,162.3473332909773,82.2398454653263,15.836429904650476,0.020418018102645874,51
720,14.4,155.01780040432956,69.54987734110091,100.18348271944491,75.27842825220733,169.37812608994764,99.89149574073899,15.97681283347223,0.02859833836555481,51
721,14.42,163.2986505717223,72.90798495289056,100.80789783694422,71.36738938532072,152.77714136710946,52.256581145692444,15.617364940123514,0.032794803380966187,51
722,14.44,157.2904194163416,66.88220673660129,115.50126409424307,75.36974694549636,103.47194896697646,56.271881421534836,15.33568606151277,0.04479381442070007,51
723,14.46,177.85243563470306,127.38953832669424,112.29257727591039,76.8790789988536,147.37502426191813,97.55596176121543,14.212259858327087,0.041989654302597046,51
724,14.48,144.7591511832285,116.08708405814963,129.54368271427748,90.46336868083188,124.58672348333816,82.65001637170782,10.570761340621603,0.04750505089759827,51
725,14.5,152.8479686339389,135.4897266409349,143.84881418146065,111.2654816241599,128.87233736833707,100.03211908907019,10.897406200361909,0.041745126247406006,51
726,14.52,152.83252325301575,153.69965395527913,155.72107827675953,132.74447430698706,138.22659665249753,128.35627216978182,4.606206190644339,0.029056906700134277,51
727,14.54,159.98063677203913,164.82993048657127,151.28000779135732,134.78459631808113,127.40203856405174,124.94776437582641,3.361490109810448,0.039650559425354004,51
728,14.56,162.67268515512978,167.84274425511035,166.10963313839343,139.4865256639692,133.7611406118522,129.39971979321373,2.321164505387293,0.03196689486503601,51
729,14.58,166.20705387583828,171.78782560598137,150.46961097501196,156.21142332219407,160.84956719754803,159.52132171870804,1.146746120845441,0.009348511695861816,51
730,14.6,169.29262913696863,175.1367706499197,159.4967314170475,145.8571312201851,144.5763249495942,150.74153763393196,4.624877508763432,0.0109940767288208,51
731,14.62,173.0086969576302,178.42692494427882,163.18724707228105,146.77810439568134,154.10171320188212,163.88328190625174,4.532727074158223,0.017841219902038574,51
732,14.64,175.56177880947268,178.19345153571385,166.4318547105498,142.67577476551256,163.81579514726045,171.8034309787906,4.707322429623468,0.019872725009918213,51
733,14.66,179.37152167472686,177.44321133418734,164.53599014664422,144.57804831629315,163.55459233924446,169.95317267495295,5.307277734041704,0.009182512760162354,51
735,14.7,23.058699506970953,27.126869008216392,133.92253831621392,129.86868237197078,102.64178305521196,113.89703080207298,2.100890270022624,0.09830573201179504,51
736,14.72,107.1690375028196,15.659194805149975,176.25936878185686,115.8682627680743,72.31050448927769,117.211053861853,2.849095429845155,0.0737072229385376,51
740,14.8,92.22877581058967,78.45633890118751,132.05757635886027,126.76393793061709,145.53094216231008,146.08521059820455,1.9949066263826516,0.02999436855316162,51
742,14.84,171.02164714195698,118.01044677625643,127.40561346819636,179.95010258230988,102.15779465305269,94.90787580027785,7.942588290105595,0.12261393666267395,51
753,15.06,79.04112008575277,98.92208048981593,21.250926622214315,22.75379233709862,128.46457034885185,142.40007578141814,0.8555128424876313,0.02676147222518921,51
754,15.08,36.47430333476263,15.5572701098892,26.441926265777287,9.466282975025756,78.0801108339518,45.562899850895555,1.5664036209241208,0.17521443963050842,51
755,15.1,55.85538230192916,47.85941881112881,16.459027221564156,11.015337855327257,97.95503041057037,91.65644932140802,1.9354584972338125,0.09072250127792358,51
756,15.12,112.9242349001172,135.10386542958418,10.644797125898261,1.83949225261487,134.71944589437348,129.58096092348507,2.773450680243919,0.04735821485519409,51
757,15.14,127.47275711257774,147.50984462497078,13.48205051885292,1.8241339256709197,146.81093473040798,139.84287745984062,0.36042503476072796,0.08939790725708008,51
758,15.16,115.00256562014059,119.40150976768406,11.769280322541308,1.2285732918621435,140.8033696690197,115.56890585549158,0.10451857272664149,0.11144375801086426,51
759,15.18,116.4928799776045,102.11578830539493,12.286870500929819,0.15473755287035612,157.63188881764677,96.5434814460234,1.419454945573682,0.11784756183624268,51
760,15.2,168.67680476236532,123.81527169724487,17.631552726726262,26.42612634783659,160.56130853867995,106.0366415408784,2.962536494019579,0.0582348108291626,51
